<?xml version="1.0" encoding="UTF-8"?>
<project xmlns="http://maven.apache.org/POM/4.0.0" 
         xmlns:xsi="http://www.w3.org/2001/XMLSchema-instance"
         xsi:schemaLocation="http://maven.apache.org/POM/4.0.0 http://maven.apache.org/xsd/maven-4.0.0.xsd">
    <modelVersion>4.0.0</modelVersion>
    
    <groupId>com.example</groupId>
    <artifactId>my-app</artifactId>
    <version>4.0.4</version> <!-- Esta es la versión que se actualizará -->
    
    <properties>
        <project.build.sourceEncoding>UTF-8</project.build.sourceEncoding>
        <project.reporting.outputEncoding>UTF-8</project.reporting.outputEncoding>
             <library.name>This is the Library_3 pom.xml</library.name>
    </properties>

    <dependencies>
        <!-- Definición de dependencias -->
        <dependency>
            <groupId>org.springframework.boot</groupId>
            <artifactId>spring-boot-starter</artifactId>
            <version>2.5.4</version> <!-- Versión de la dependencia -->
        </dependency>
        <!-- Agrega más dependencias según sea necesario -->
    </dependencies>

    <build>
        <plugins>
            <plugin>
                <groupId>org.apache.maven.plugins</groupId>
                <artifactId>maven-compiler-plugin</artifactId>
                <version>3.8.1</version>
                <configuration>
                    <source>1.8</source>
                    <target>1.8</target>
                </configuration>
            </plugin>
            <plugin>
                <groupId>org.codehaus.mojo</groupId>
                <artifactId>versions-maven-plugin</artifactId>
                <version>2.8.1</version>
                <configuration>
                    <generateBackupPoms>false</generateBackupPoms>
                </configuration>
            </plugin>
        </plugins>
    </build>
</project>
